System,HER,OSR,HitRate@10,NDCG@10,UtilityLoss_vs_Baseline,EvalSessions,OSR_numerator,OSR_denominator,Action_keep,Action_down_rank,Action_replace,Action_block
No_Replacement_V1,4.778408760017859e-05,0.26929288873440327,1.0,0.5321554589781287,0.025470445160429768,38499,179739,667448,669647,32,0,29814
Global_Threshold_V1,8.019211740125988e-05,0.26929139049034534,1.0,0.5321554589781287,0.025470445160429768,38499,179738,667448,669703,0,28620,0
