final_source,n_rows,row_share,ClickedRate,HER_within_source,SupportiveRate_within_source,AvgFinalRank
mind,631572,0.9427573441604968,0.0794921244133685,1.5833507501915855e-06,0.001339514734662,5.325844084284928
moral_education,38250,0.0570963697157869,0.0,0.0,0.9576470588235294,4.519581699346405
aegis2,98,0.0001462861237162,0.0,0.3163265306122449,0.2959183673469387,6.204081632653061
